record_id,transaction_date,customer_id,region,product_category,agent_id,status,sales_amount,source_kpi_status
REC-0001,2026-02-02,CUST-1001,West,Solar,AG-102,Active,2637.00,Valid
REC-0002,2026-03-03,CUST-1002,Central,Accessories,AG-103,Active,2774.00,Valid
REC-0003,2026-04-04,CUST-1003,South,Home,AG-104,Inactive,2911.00,Valid
REC-0004,2026-05-05,CUST-1004,East,Phones,AG-105,Active,3048.00,Valid
REC-0005,2026-06-06,CUST-1005,West,Solar,AG-106,Active,3185.00,Valid
REC-0006,2026-07-07,CUST-1006,Central,Accessories,AG-107,Active,3322.00,Valid
REC-0007,2026-08-08,CUST-1007,South,Home,AG-108,Inactive,3459.00,Valid
REC-0008,2026-09-09,CUST-1008,East,Phones,AG-109,Active,3596.00,Valid
REC-0009,2026-01-10,CUST-1009,West,Solar,AG-110,Active,3733.00,Valid
REC-0010,2026-02-11,CUST-1010,Central,Accessories,AG-111,Active,3870.00,Valid
REC-0011,2026-03-12,CUST-1011,South,Home,AG-112,Inactive,4007.00,Valid
REC-0012,2026-04-13,CUST-1012,East,Phones,AG-113,Active,4144.00,Valid
REC-0013,2026-05-14,CUST-1013,West,Solar,AG-114,Active,4281.00,Valid
REC-0014,2026-06-15,CUST-1014,Central,Accessories,AG-115,Active,4418.00,Valid
REC-0015,2026-07-16,CUST-1015,South,Home,AG-116,Inactive,4555.00,Valid
REC-0016,2026-08-17,CUST-1016,East,Phones,AG-117,Active,4692.00,Valid
REC-0017,2026-09-18,CUST-1017,West,Solar,AG-118,Active,4829.00,Valid
REC-0018,2026-01-19,CUST-1018,Central,Accessories,AG-119,Active,4966.00,Valid
REC-0019,2026-02-20,CUST-1019,South,Home,AG-120,Inactive,5103.00,Valid
REC-0020,2026-03-21,CUST-1020,East,Phones,AG-101,Active,5240.00,Valid
REC-0021,2026-04-22,CUST-1021,West,Solar,AG-102,Active,5377.00,Valid
REC-0022,2026-05-23,CUST-1022,Central,Accessories,AG-103,Active,5514.00,Valid
REC-0023,2026-06-24,CUST-1023,South,Home,AG-104,Inactive,5651.00,Valid
REC-0024,2026-07-25,CUST-1024,East,Phones,AG-105,Active,5788.00,Valid
REC-0025,2026-08-26,CUST-1025,West,Solar,AG-106,Active,5925.00,Valid
REC-0026,2026-09-27,CUST-1026,Central,Accessories,AG-107,Active,6062.00,Valid
REC-0027,2026-01-01,CUST-1027,South,Home,AG-108,Inactive,6199.00,Valid
REC-0028,2026-02-02,CUST-1028,East,Phones,AG-109,Active,6336.00,Valid
REC-0029,2026-03-03,CUST-1029,West,Solar,AG-110,Active,6473.00,Valid
REC-0030,2026-04-04,CUST-1030,Central,Accessories,AG-111,Active,6610.00,Valid
REC-0031,2026-05-05,CUST-1031,South,Home,AG-112,Inactive,6747.00,Missing customer_id
REC-0032,2026-06-06,CUST-1032,East,Phones,AG-113,Active,6884.00,Valid
REC-0033,2026-07-07,CUST-1033,West,Solar,AG-114,Active,7021.00,Valid
REC-0034,2026-08-08,CUST-1034,Central,Accessories,AG-115,Active,7158.00,Valid
REC-0035,2026-09-09,CUST-1035,South,Home,AG-116,Inactive,7295.00,Valid
REC-0036,2026-01-10,CUST-1036,East,Phones,AG-117,Active,7432.00,Valid
REC-0037,2026-02-11,CUST-1037,West,Solar,AG-118,Active,7569.00,Valid
REC-0038,2026-03-12,CUST-1038,Central,Accessories,AG-119,Active,7706.00,Valid
REC-0039,2026-04-13,CUST-1039,South,Home,AG-120,Inactive,7843.00,Valid
REC-0040,2026-05-14,CUST-1040,East,Phones,AG-101,Active,7980.00,Valid
REC-0041,2026-06-15,CUST-1041,West,Solar,AG-102,Active,8117.00,Valid
REC-0042,2026-07-16,CUST-1042,Central,Accessories,AG-103,Active,8254.00,Valid
REC-0043,2026-08-17,CUST-1043,South,Home,AG-104,Inactive,8391.00,Valid
REC-0044,2026-09-18,CUST-1044,East,Phones,AG-105,Active,8528.00,Valid
REC-0045,2026-01-19,CUST-1045,West,Solar,AG-106,Active,8665.00,Valid
REC-0046,2026-02-20,CUST-1046,Central,Accessories,AG-107,Active,8802.00,Valid
REC-0047,2026-03-21,CUST-1047,South,Home,AG-108,Inactive,8939.00,Valid
REC-0048,2026-04-22,CUST-1048,East,Phones,AG-109,Active,9076.00,Valid
REC-0049,2026-05-23,CUST-1049,West,Solar,AG-110,Active,9213.00,Valid
REC-0050,2026-06-24,CUST-1050,Central,Accessories,AG-111,Active,9350.00,Valid
REC-0051,2026-07-25,CUST-1051,South,Home,AG-112,Inactive,9487.00,Valid
REC-0052,2026-08-26,CUST-1052,East,Phones,AG-113,Active,9624.00,Valid
REC-0053,2026-09-27,CUST-1053,West,Solar,AG-114,Active,9761.00,Valid
REC-0054,2026-01-01,CUST-1054,Central,Accessories,AG-115,Active,9898.00,Valid
REC-0055,2026-02-02,CUST-1055,South,Home,AG-116,Inactive,10035.00,Valid
REC-0056,2026-03-03,CUST-1056,East,Phones,AG-117,Active,10172.00,Valid
REC-0057,2026-04-04,CUST-1057,West,Solar,AG-118,Active,10309.00,Valid
REC-0058,2026-05-05,CUST-1058,Central,Accessories,AG-119,Active,10446.00,Valid
REC-0059,2026-06-06,CUST-1059,South,Home,AG-120,Inactive,10583.00,Valid
REC-0060,2026-07-07,CUST-1060,East,Phones,AG-101,Active,10720.00,Valid
REC-0061,2026-08-08,CUST-1061,West,Solar,AG-102,Active,10857.00,Valid
REC-0062,2026-09-09,CUST-1062,Central,Accessories,AG-103,Active,10994.00,Valid
REC-0063,2026-01-10,CUST-1063,South,Home,AG-104,Inactive,2631.00,Valid
REC-0064,2026-02-11,CUST-1064,East,Phones,AG-105,Active,2768.00,Valid
REC-0065,2026-03-12,CUST-1065,West,Solar,AG-106,Active,2905.00,Valid
REC-0066,2026-04-13,CUST-1066,Central,Accessories,AG-107,Active,3042.00,Valid
REC-0067,2026-05-14,CUST-1067,South,Home,AG-108,Inactive,3179.00,Valid
REC-0068,2026-06-15,CUST-1068,East,Phones,AG-109,Active,3316.00,Valid
REC-0069,2026-07-16,CUST-1069,West,Solar,AG-110,Active,3453.00,Valid
REC-0070,2026-08-17,CUST-1070,Central,Accessories,AG-111,Active,3590.00,Valid
REC-0071,2026-09-18,CUST-1071,South,Home,AG-112,Inactive,3727.00,Valid
REC-0072,2026-01-19,CUST-1072,East,Phones,AG-113,Active,3864.00,Valid
REC-0073,2026-02-20,CUST-1073,West,Solar,AG-114,Active,4001.00,Valid
REC-0074,2026-03-21,CUST-1074,Central,Accessories,AG-115,Active,4138.00,Valid
REC-0075,2026-04-22,CUST-1075,South,Home,AG-116,Inactive,4275.00,Valid
REC-0076,2026-05-23,CUST-1076,East,Phones,AG-117,Active,4412.00,Valid
REC-0077,2026-06-24,CUST-1077,West,Solar,AG-118,Active,4549.00,Valid
REC-0078,2026-07-25,CUST-1078,Central,Accessories,AG-119,Active,4686.00,Valid
REC-0079,2026-08-26,CUST-1079,South,Home,AG-120,Inactive,4823.00,Valid
REC-0080,2026-09-27,CUST-1000,East,Phones,AG-101,Active,4960.00,Valid
REC-0081,2026-01-01,CUST-1001,West,Solar,AG-102,Active,5097.00,Duplicate record
REC-0082,2026-02-02,CUST-1002,Central,Accessories,AG-103,Active,5234.00,Valid
REC-0083,2026-03-03,CUST-1003,South,Home,AG-104,Inactive,5371.00,Valid
REC-0084,2026-04-04,CUST-1004,East,Phones,AG-105,Active,5508.00,Valid
REC-0085,2026-05-05,CUST-1005,West,Solar,AG-106,Active,5645.00,Valid
REC-0086,2026-06-06,CUST-1006,Central,Accessories,AG-107,Active,5782.00,Valid
REC-0087,2026-07-07,CUST-1007,South,Home,AG-108,Inactive,5919.00,Valid
REC-0088,2026-08-08,CUST-1008,East,Phones,AG-109,Active,6056.00,Valid
REC-0089,2026-09-09,CUST-1009,West,Solar,AG-110,Active,6193.00,Valid
REC-0090,2026-01-10,CUST-1010,Central,Accessories,AG-111,Active,6330.00,Valid
REC-0091,2026-02-11,CUST-1011,South,Home,AG-112,Inactive,6467.00,Valid
REC-0092,2026-03-12,CUST-1012,East,Phones,AG-113,Active,6604.00,Valid
REC-0093,2026-04-13,CUST-1013,West,Solar,AG-114,Active,6741.00,Valid
REC-0094,2026-05-14,CUST-1014,Central,Accessories,AG-115,Active,6878.00,Valid
REC-0095,2026-06-15,CUST-1015,South,Home,AG-116,Inactive,7015.00,Valid
REC-0096,2026-07-16,CUST-1016,East,Phones,AG-117,Active,7152.00,Valid
REC-0097,2026-08-17,CUST-1017,West,Solar,AG-118,Active,7289.00,Valid
REC-0098,2026-09-18,CUST-1018,Central,Accessories,AG-119,Active,7426.00,Valid
REC-0099,2026-01-19,CUST-1019,South,Home,AG-120,Inactive,7563.00,Valid
REC-0100,2026-02-20,CUST-1020,East,Phones,AG-101,Active,7700.00,Valid
REC-0101,2026-03-21,CUST-1021,West,Solar,AG-102,Active,7837.00,Valid
REC-0102,2026-04-22,CUST-1022,Central,Accessories,AG-103,Active,7974.00,Valid
REC-0103,2026-05-23,CUST-1023,South,Home,AG-104,Inactive,8111.00,Valid
REC-0104,2026-06-24,CUST-1024,East,Phones,AG-105,Active,8248.00,Valid
REC-0105,2026-07-25,CUST-1025,West,Solar,AG-106,Active,8385.00,Valid
REC-0106,2026-08-26,CUST-1026,Central,Accessories,AG-107,Active,8522.00,Valid
REC-0107,2026-09-27,CUST-1027,South,Home,AG-108,Inactive,8659.00,Valid
REC-0108,2026-01-01,CUST-1028,East,Phones,AG-109,Active,8796.00,Valid
REC-0109,2026-02-02,CUST-1029,West,Solar,AG-110,Active,8933.00,Valid
REC-0110,2026-03-03,CUST-1030,Central,Accessories,AG-111,Active,9070.00,Valid
REC-0111,2026-04-04,CUST-1031,South,Home,AG-112,Inactive,9207.00,Valid
REC-0112,2026-05-05,CUST-1032,East,Phones,AG-113,Active,9344.00,Valid
REC-0113,2026-06-06,CUST-1033,West,Solar,AG-114,Active,9481.00,Valid
REC-0114,2026-07-07,CUST-1034,Central,Accessories,AG-115,Active,9618.00,Valid
REC-0115,2026-08-08,CUST-1035,South,Home,AG-116,Inactive,9755.00,Valid
REC-0116,2026-09-09,CUST-1036,East,Phones,AG-117,Active,9892.00,Valid
REC-0117,2026-01-10,CUST-1037,West,Solar,AG-118,Active,10029.00,Valid
REC-0118,2026-02-11,CUST-1038,Central,Accessories,AG-119,Active,10166.00,Valid
REC-0119,2026-03-12,CUST-1039,South,Home,AG-120,Inactive,10303.00,Valid
REC-0120,2026-04-13,CUST-1040,East,Phones,AG-101,Active,10440.00,Valid
REC-0121,2026-05-14,CUST-1041,West,Solar,AG-102,Active,10577.00,Valid
REC-0122,2026-06-15,CUST-1042,Central,Accessories,AG-103,Active,10714.00,Valid
REC-0123,2026-07-16,CUST-1043,South,Home,AG-104,Inactive,10851.00,Valid
REC-0124,2026-08-17,CUST-1044,East,Phones,AG-105,Active,10988.00,Valid
REC-0125,2026-09-18,CUST-1045,West,Solar,AG-106,Active,2625.00,Valid
REC-0126,2026-01-19,CUST-1046,Central,Accessories,AG-107,Active,2762.00,Valid
REC-0127,2026-02-20,CUST-1047,South,Home,AG-108,Inactive,2899.00,Valid
REC-0128,2026-03-21,CUST-1048,East,Phones,AG-109,Active,3036.00,Valid
REC-0129,2026-04-22,CUST-1049,West,Solar,AG-110,Active,3173.00,Valid
REC-0130,2026-05-23,CUST-1050,Central,Accessories,AG-111,Active,3310.00,Valid
REC-0131,2026-06-24,CUST-1051,South,Home,AG-112,Inactive,3447.00,Valid
REC-0132,2026-07-25,CUST-1052,East,Phones,AG-113,Active,3584.00,Valid
REC-0133,2026-08-26,CUST-1053,West,Solar,AG-114,Active,3721.00,Valid
REC-0134,2026-09-27,CUST-1054,Central,Accessories,AG-115,Active,3858.00,Valid
REC-0135,2026-01-01,CUST-1055,South,Home,AG-116,Inactive,3995.00,Valid
REC-0136,2026-02-02,CUST-1056,East,Phones,AG-117,Active,4132.00,Valid
REC-0137,2026-03-03,CUST-1057,West,Solar,AG-118,Active,4269.00,Valid
REC-0138,2026-04-04,CUST-1058,Central,Accessories,AG-119,Active,4406.00,Valid
REC-0139,2026-05-05,CUST-1059,South,Home,AG-120,Inactive,4543.00,Valid
REC-0140,2026-06-06,CUST-1060,East,Phones,AG-101,Active,4680.00,Valid
REC-0141,2026-07-07,CUST-1061,West,Solar,AG-102,Active,4817.00,Valid
REC-0142,2026-08-08,CUST-1062,Central,Accessories,AG-103,Active,4954.00,Valid
REC-0143,2026-09-09,CUST-1063,South,Home,AG-104,Inactive,5091.00,Valid
REC-0144,2026-01-10,CUST-1064,East,Phones,AG-105,Active,5228.00,Valid
REC-0145,2026-02-11,CUST-1065,West,Solar,AG-106,Active,5365.00,Valid
REC-0146,2026-03-12,CUST-1066,Central,Accessories,AG-107,Active,5502.00,Valid
REC-0147,2026-04-13,CUST-1067,South,Home,AG-108,Inactive,5639.00,Valid
REC-0148,2026-05-14,CUST-1068,East,Phones,AG-109,Active,5776.00,Valid
REC-0149,2026-06-15,CUST-1069,West,Solar,AG-110,Active,5913.00,Valid
REC-0150,2026-07-16,CUST-1070,Central,Accessories,AG-111,Active,6050.00,Valid
REC-0151,2026-08-17,CUST-1071,South,Home,AG-112,Inactive,6187.00,Invalid date
REC-0152,2026-09-18,CUST-1072,East,Phones,AG-113,Active,6324.00,Valid
REC-0153,2026-01-19,CUST-1073,West,Solar,AG-114,Active,6461.00,Valid
REC-0154,2026-02-20,CUST-1074,Central,Accessories,AG-115,Active,6598.00,Valid
REC-0155,2026-03-21,CUST-1075,South,Home,AG-116,Inactive,6735.00,Valid
REC-0156,2026-04-22,CUST-1076,East,Phones,AG-117,Active,6872.00,Valid
REC-0157,2026-05-23,CUST-1077,West,Solar,AG-118,Active,7009.00,Valid
REC-0158,2026-06-24,CUST-1078,Central,Accessories,AG-119,Active,7146.00,Valid
REC-0159,2026-07-25,CUST-1079,South,Home,AG-120,Inactive,7283.00,Valid
REC-0160,2026-08-26,CUST-1000,East,Phones,AG-101,Active,7420.00,Valid
REC-0161,2026-09-27,CUST-1001,West,Solar,AG-102,Active,7557.00,Valid
REC-0162,2026-01-01,CUST-1002,Central,Accessories,AG-103,Active,7694.00,Valid
REC-0163,2026-02-02,CUST-1003,South,Home,AG-104,Inactive,7831.00,Valid
REC-0164,2026-03-03,CUST-1004,East,Phones,AG-105,Active,7968.00,Valid
REC-0165,2026-04-04,CUST-1005,West,Solar,AG-106,Active,8105.00,Valid
REC-0166,2026-05-05,CUST-1006,Central,Accessories,AG-107,Active,8242.00,Valid
REC-0167,2026-06-06,CUST-1007,South,Home,AG-108,Inactive,8379.00,Valid
REC-0168,2026-07-07,CUST-1008,East,Phones,AG-109,Active,8516.00,Valid
REC-0169,2026-08-08,CUST-1009,West,Solar,AG-110,Active,8653.00,Valid
REC-0170,2026-09-09,CUST-1010,Central,Accessories,AG-111,Active,8790.00,Valid
REC-0171,2026-01-10,CUST-1011,South,Home,AG-112,Inactive,8927.00,Valid
REC-0172,2026-02-11,CUST-1012,East,Phones,AG-113,Active,9064.00,Valid
REC-0173,2026-03-12,CUST-1013,West,Solar,AG-114,Active,9201.00,Valid
REC-0174,2026-04-13,CUST-1014,Central,Accessories,AG-115,Active,9338.00,Valid
REC-0175,2026-05-14,CUST-1015,South,Home,AG-116,Inactive,9475.00,Valid
REC-0176,2026-06-15,CUST-1016,East,Phones,AG-117,Active,9612.00,Valid
REC-0177,2026-07-16,CUST-1017,West,Solar,AG-118,Active,9749.00,Valid
REC-0178,2026-08-17,CUST-1018,Central,Accessories,AG-119,Active,9886.00,Valid
REC-0179,2026-09-18,CUST-1019,South,Home,AG-120,Inactive,10023.00,Valid
REC-0180,2026-01-19,CUST-1020,East,Phones,AG-101,Active,10160.00,Valid
REC-0181,2026-02-20,CUST-1021,West,Solar,AG-102,Active,10297.00,Valid
REC-0182,2026-03-21,CUST-1022,Central,Accessories,AG-103,Active,10434.00,Valid
REC-0183,2026-04-22,CUST-1023,South,Home,AG-104,Inactive,10571.00,Valid
REC-0184,2026-05-23,CUST-1024,East,Phones,AG-105,Active,10708.00,Valid
REC-0185,2026-06-24,CUST-1025,West,Solar,AG-106,Active,10845.00,Valid
REC-0186,2026-07-25,CUST-1026,Central,Accessories,AG-107,Active,10982.00,Valid
REC-0187,2026-08-26,CUST-1027,South,Home,AG-108,Inactive,2619.00,Valid
REC-0188,2026-09-27,CUST-1028,East,Phones,AG-109,Active,2756.00,Valid
REC-0189,2026-01-01,CUST-1029,West,Solar,AG-110,Active,2893.00,Valid
REC-0190,2026-02-02,CUST-1030,Central,Accessories,AG-111,Active,3030.00,Valid
REC-0191,2026-03-03,CUST-1031,South,Home,AG-112,Inactive,3167.00,Valid
REC-0192,2026-04-04,CUST-1032,East,Phones,AG-113,Active,3304.00,Valid
REC-0193,2026-05-05,CUST-1033,West,Solar,AG-114,Active,3441.00,Valid
REC-0194,2026-06-06,CUST-1034,Central,Accessories,AG-115,Active,3578.00,Valid
REC-0195,2026-07-07,CUST-1035,South,Home,AG-116,Inactive,3715.00,Valid
REC-0196,2026-08-08,CUST-1036,East,Phones,AG-117,Active,3852.00,Valid
REC-0197,2026-09-09,CUST-1037,West,Solar,AG-118,Active,3989.00,Valid
REC-0198,2026-01-10,CUST-1038,Central,Accessories,AG-119,Active,4126.00,Valid
REC-0199,2026-02-11,CUST-1039,South,Home,AG-120,Inactive,4263.00,Valid
REC-0200,2026-03-12,CUST-1040,East,Phones,AG-101,Active,4400.00,Valid
REC-0201,2026-04-13,CUST-1041,West,Solar,AG-102,Active,4537.00,Valid
REC-0202,2026-05-14,CUST-1042,Central,Accessories,AG-103,Active,4674.00,Valid
REC-0203,2026-06-15,CUST-1043,South,Home,AG-104,Inactive,4811.00,Valid
REC-0204,2026-07-16,CUST-1044,East,Phones,AG-105,Active,4948.00,Valid
REC-0205,2026-08-17,CUST-1045,West,Solar,AG-106,Active,5085.00,Valid
REC-0206,2026-09-18,CUST-1046,Central,Accessories,AG-107,Active,5222.00,Valid
REC-0207,2026-01-19,CUST-1047,South,Home,AG-108,Inactive,5359.00,Valid
REC-0208,2026-02-20,CUST-1048,East,Phones,AG-109,Active,5496.00,Valid
REC-0209,2026-03-21,CUST-1049,West,Solar,AG-110,Active,5633.00,Valid
REC-0210,2026-04-22,CUST-1050,Central,Accessories,AG-111,Active,5770.00,Valid
REC-0211,2026-05-23,CUST-1051,South,Home,AG-112,Inactive,5907.00,Valid
REC-0212,2026-06-24,CUST-1052,East,Phones,AG-113,Active,6044.00,Valid
REC-0213,2026-07-25,CUST-1053,West,Solar,AG-114,Active,6181.00,Valid
REC-0214,2026-08-26,CUST-1054,Central,Accessories,AG-115,Active,6318.00,Valid
REC-0215,2026-09-27,CUST-1055,South,Home,AG-116,Inactive,6455.00,Valid
REC-0216,2026-01-01,CUST-1056,East,Phones,AG-117,Active,6592.00,Valid
REC-0217,2026-02-02,CUST-1057,West,Solar,AG-118,Active,6729.00,Valid
REC-0218,2026-03-03,CUST-1058,Central,Accessories,AG-119,Active,6866.00,Valid
REC-0219,2026-04-04,CUST-1059,South,Home,AG-120,Inactive,7003.00,Valid
REC-0220,2026-05-05,CUST-1060,East,Phones,AG-101,Active,7140.00,Valid
REC-0221,2026-06-06,CUST-1061,West,Solar,AG-102,Active,7277.00,Unexpected status
REC-0222,2026-07-07,CUST-1062,Central,Accessories,AG-103,Active,7414.00,Valid
REC-0223,2026-08-08,CUST-1063,South,Home,AG-104,Inactive,7551.00,Valid
REC-0224,2026-09-09,CUST-1064,East,Phones,AG-105,Active,7688.00,Valid
REC-0225,2026-01-10,CUST-1065,West,Solar,AG-106,Active,7825.00,Valid
REC-0226,2026-02-11,CUST-1066,Central,Accessories,AG-107,Active,7962.00,Valid
REC-0227,2026-03-12,CUST-1067,South,Home,AG-108,Inactive,8099.00,Valid
REC-0228,2026-04-13,CUST-1068,East,Phones,AG-109,Active,8236.00,Valid
REC-0229,2026-05-14,CUST-1069,West,Solar,AG-110,Active,8373.00,Valid
REC-0230,2026-06-15,CUST-1070,Central,Accessories,AG-111,Active,8510.00,Valid
REC-0231,2026-07-16,CUST-1071,South,Home,AG-112,Inactive,8647.00,Valid
REC-0232,2026-08-17,CUST-1072,East,Phones,AG-113,Active,8784.00,Valid
REC-0233,2026-09-18,CUST-1073,West,Solar,AG-114,Active,8921.00,Valid
REC-0234,2026-01-19,CUST-1074,Central,Accessories,AG-115,Active,9058.00,Valid
REC-0235,2026-02-20,CUST-1075,South,Home,AG-116,Inactive,9195.00,Valid
REC-0236,2026-03-21,CUST-1076,East,Phones,AG-117,Active,9332.00,Valid
REC-0237,2026-04-22,CUST-1077,West,Solar,AG-118,Active,9469.00,Valid
REC-0238,2026-05-23,CUST-1078,Central,Accessories,AG-119,Active,9606.00,Valid
REC-0239,2026-06-24,CUST-1079,South,Home,AG-120,Inactive,9743.00,Valid
REC-0240,2026-07-25,CUST-1000,East,Phones,AG-101,Active,9880.00,Valid
REC-0241,2026-08-26,CUST-1001,West,Solar,AG-102,Active,10017.00,Valid
REC-0242,2026-09-27,CUST-1002,Central,Accessories,AG-103,Active,10154.00,Valid
REC-0243,2026-01-01,CUST-1003,South,Home,AG-104,Inactive,10291.00,Valid
REC-0244,2026-02-02,CUST-1004,East,Phones,AG-105,Active,10428.00,Valid
REC-0245,2026-03-03,CUST-1005,West,Solar,AG-106,Active,10565.00,Valid
REC-0246,2026-04-04,CUST-1006,Central,Accessories,AG-107,Active,10702.00,Valid
REC-0247,2026-05-05,CUST-1007,South,Home,AG-108,Inactive,10839.00,Valid
REC-0248,2026-06-06,CUST-1008,East,Phones,AG-109,Active,10976.00,Valid
REC-0249,2026-07-07,CUST-1009,West,Solar,AG-110,Active,2613.00,Valid
REC-0250,2026-08-08,CUST-1010,Central,Accessories,AG-111,Active,2750.00,Valid
REC-0251,2026-09-09,CUST-1011,South,Home,AG-112,Inactive,2887.00,Valid
REC-0252,2026-01-10,CUST-1012,East,Phones,AG-113,Active,3024.00,Valid
REC-0253,2026-02-11,CUST-1013,West,Solar,AG-114,Active,3161.00,Valid
REC-0254,2026-03-12,CUST-1014,Central,Accessories,AG-115,Active,3298.00,Valid
REC-0255,2026-04-13,CUST-1015,South,Home,AG-116,Inactive,3435.00,Valid
REC-0256,2026-05-14,CUST-1016,East,Phones,AG-117,Active,3572.00,Valid
REC-0257,2026-06-15,CUST-1017,West,Solar,AG-118,Active,3709.00,Valid
REC-0258,2026-07-16,CUST-1018,Central,Accessories,AG-119,Active,3846.00,Valid
REC-0259,2026-08-17,CUST-1019,South,Home,AG-120,Inactive,3983.00,Valid
REC-0260,2026-09-18,CUST-1020,East,Phones,AG-101,Active,4120.00,Valid
REC-0261,2026-01-19,CUST-1021,West,Solar,AG-102,Active,4257.00,Valid
REC-0262,2026-02-20,CUST-1022,Central,Accessories,AG-103,Active,4394.00,Valid
REC-0263,2026-03-21,CUST-1023,South,Home,AG-104,Inactive,4531.00,Valid
REC-0264,2026-04-22,CUST-1024,East,Phones,AG-105,Active,4668.00,Valid
REC-0265,2026-05-23,CUST-1025,West,Solar,AG-106,Active,4805.00,Valid
REC-0266,2026-06-24,CUST-1026,Central,Accessories,AG-107,Active,4942.00,Valid
REC-0267,2026-07-25,CUST-1027,South,Home,AG-108,Inactive,5079.00,Valid
REC-0268,2026-08-26,CUST-1028,East,Phones,AG-109,Active,5216.00,Valid
REC-0269,2026-09-27,CUST-1029,West,Solar,AG-110,Active,5353.00,Valid
REC-0270,2026-01-01,CUST-1030,Central,Accessories,AG-111,Active,5490.00,Valid
REC-0271,2026-02-02,CUST-1031,South,Home,AG-112,Inactive,5627.00,Valid
REC-0272,2026-03-03,CUST-1032,East,Phones,AG-113,Active,5764.00,Valid
REC-0273,2026-04-04,CUST-1033,West,Solar,AG-114,Active,5901.00,Valid
REC-0274,2026-05-05,CUST-1034,Central,Accessories,AG-115,Active,6038.00,Valid
REC-0275,2026-06-06,CUST-1035,South,Home,AG-116,Inactive,6175.00,Valid
REC-0276,2026-07-07,CUST-1036,East,Phones,AG-117,Active,6312.00,Valid
REC-0277,2026-08-08,CUST-1037,West,Solar,AG-118,Active,6449.00,Valid
REC-0278,2026-09-09,CUST-1038,Central,Accessories,AG-119,Active,6586.00,Valid
REC-0279,2026-01-10,CUST-1039,South,Home,AG-120,Inactive,6723.00,Valid
REC-0280,2026-02-11,CUST-1040,East,Phones,AG-101,Active,6860.00,Valid
REC-0281,2026-03-12,CUST-1041,West,Solar,AG-102,Active,6997.00,Valid
REC-0282,2026-04-13,CUST-1042,Central,Accessories,AG-103,Active,7134.00,Valid
REC-0283,2026-05-14,CUST-1043,South,Home,AG-104,Inactive,7271.00,Valid
REC-0284,2026-06-15,CUST-1044,East,Phones,AG-105,Active,7408.00,Valid
REC-0285,2026-07-16,CUST-1045,West,Solar,AG-106,Active,7545.00,Valid
REC-0286,2026-08-17,CUST-1046,Central,Accessories,AG-107,Active,7682.00,Valid
REC-0287,2026-09-18,CUST-1047,South,Home,AG-108,Inactive,7819.00,Valid
REC-0288,2026-01-19,CUST-1048,East,Phones,AG-109,Active,7956.00,Valid
REC-0289,2026-02-20,CUST-1049,West,Solar,AG-110,Active,8093.00,Valid
REC-0290,2026-03-21,CUST-1050,Central,Accessories,AG-111,Active,8230.00,Valid
REC-0291,2026-04-22,CUST-1051,South,Home,AG-112,Inactive,8367.00,Valid
REC-0292,2026-05-23,CUST-1052,East,Phones,AG-113,Active,8504.00,Valid
REC-0293,2026-06-24,CUST-1053,West,Solar,AG-114,Active,8641.00,Valid
REC-0294,2026-07-25,CUST-1054,Central,Accessories,AG-115,Active,8778.00,Valid
REC-0295,2026-08-26,CUST-1055,South,Home,AG-116,Inactive,8915.00,Valid
REC-0296,2026-09-27,CUST-1056,East,Phones,AG-117,Active,9052.00,Valid
REC-0297,2026-01-01,CUST-1057,West,Solar,AG-118,Active,9189.00,Valid
REC-0298,2026-02-02,CUST-1058,Central,Accessories,AG-119,Active,9326.00,Valid
REC-0299,2026-03-03,CUST-1059,South,Home,AG-120,Inactive,9463.00,Valid
REC-0300,2026-04-04,CUST-1060,East,Phones,AG-101,Active,9600.00,Valid
